Method,Horizon,CV Group,LT,AR,VI,OFR,BO,EI
ES,One-step,0.2 < CV ≤ 0.3,2,2.055720329284668,1.2523548603057861,0.9050149321556091,9.490486145019531,18.918161392211914
ES,One-step,0.2 < CV ≤ 0.3,3,3.6196396350860596,3.1675121784210205,0.8921701312065125,10.789419174194336,32.43252182006836
ES,One-step,0.2 < CV ≤ 0.3,4,5.835626602172852,6.525086879730225,0.8794723749160767,11.834967613220215,48.86494064331055
ES,One-step,0.2 < CV ≤ 0.3,5,9.116515159606934,12.097931861877441,0.8655829429626465,12.027881622314453,66.9741439819336
ES,One-step,0.2 < CV ≤ 0.3,6,11.726123809814453,16.12481117248535,0.8677133917808533,11.026216506958008,78.05097198486328
ES,One-step,0.2 < CV ≤ 0.3,7,13.489235877990723,18.9241886138916,0.878445029258728,10.214646339416504,85.5182113647461
ES,One-step,0.2 < CV ≤ 0.3,8,14.911170959472656,23.65324592590332,0.8857759833335876,10.329992294311523,98.7017822265625
ES,One-step,0.2 < CV ≤ 0.3,9,16.83577537536621,31.630783081054688,0.8871837854385376,10.896463394165039,118.70885467529297
ES,One-step,0.2 < CV ≤ 0.3,10,19.72199058532715,41.3309211730957,0.8835625648498535,11.242667198181152,142.0955047607422
ES,One-step,0.3 < CV ≤ 0.4,2,1.8905290365219116,1.4090946912765503,0.887325644493103,7.613398551940918,17.168739318847656
ES,One-step,0.3 < CV ≤ 0.4,3,3.193180561065674,3.4493935108184814,0.8737369179725647,8.556500434875488,29.44424819946289
ES,One-step,0.3 < CV ≤ 0.4,4,4.998723030090332,6.88360595703125,0.8610737919807434,8.992118835449219,44.1731071472168
ES,One-step,0.3 < CV ≤ 0.4,5,7.267298698425293,11.620749473571777,0.8530715107917786,8.380675315856934,58.4399528503418
ES,One-step,0.3 < CV ≤ 0.4,6,9.02893352508545,14.9661226272583,0.8600583672523499,7.3588643074035645,67.28524017333984
ES,One-step,0.3 < CV ≤ 0.4,7,10.384576797485352,18.075946807861328,0.8716921210289001,6.86624813079834,75.15238189697266
ES,One-step,0.3 < CV ≤ 0.4,8,11.452729225158691,22.58807945251465,0.8803645372390747,6.974020004272461,87.3068618774414
ES,One-step,0.3 < CV ≤ 0.4,9,12.76739501953125,29.407747268676758,0.8825939297676086,7.408977508544922,105.24081420898438
ES,One-step,0.3 < CV ≤ 0.4,10,14.762911796569824,38.415138244628906,0.8821924328804016,7.370779037475586,124.02938079833984
ES,One-step,0.4 < CV ≤ 0.6,2,1.9036152362823486,1.3162418603897095,0.8639314770698547,4.817382335662842,10.832842826843262
ES,One-step,0.4 < CV ≤ 0.6,3,3.2028326988220215,3.2576613426208496,0.8513681888580322,5.071940898895264,18.426807403564453
ES,One-step,0.4 < CV ≤ 0.6,4,4.6378021240234375,6.389510631561279,0.8446267247200012,5.031123638153076,27.089353561401367
ES,One-step,0.4 < CV ≤ 0.6,5,6.197730541229248,10.095564842224121,0.8482000231742859,4.6388959884643555,35.014503479003906
ES,One-step,0.4 < CV ≤ 0.6,6,7.569210529327393,13.502490997314453,0.8578046560287476,4.14717960357666,41.241031646728516
ES,One-step,0.4 < CV ≤ 0.6,7,8.745370864868164,17.14964485168457,0.8686058521270752,3.929413080215454,47.774932861328125
ES,One-step,0.4 < CV ≤ 0.6,8,9.856508255004883,22.435928344726562,0.8765672445297241,3.9440789222717285,56.16570281982422
ES,One-step,0.4 < CV ≤ 0.6,9,11.013845443725586,29.097251892089844,0.8804053664207458,4.0085225105285645,66.65416717529297
ES,One-step,0.4 < CV ≤ 0.6,10,12.434849739074707,37.0608024597168,0.880897581577301,3.950977325439453,77.43128967285156
MA,One-step,0.2 < CV ≤ 0.3,2,1.3438881635665894,1.1854878664016724,0.9059833288192749,9.711187362670898,19.14349365234375
MA,One-step,0.2 < CV ≤ 0.3,3,2.217444658279419,2.5911240577697754,0.8969327211380005,10.672374725341797,31.437700271606445
MA,One-step,0.2 < CV ≤ 0.3,4,3.6221072673797607,5.102822780609131,0.8829326629638672,11.196004867553711,44.31974792480469
MA,One-step,0.2 < CV ≤ 0.3,5,6.397911071777344,9.219441413879395,0.8683518767356873,11.372145652770996,57.716182708740234
MA,One-step,0.2 < CV ≤ 0.3,6,8.534168243408203,12.681061744689941,0.8707556128501892,10.778139114379883,69.8973159790039
MA,One-step,0.2 < CV ≤ 0.3,7,9.620011329650879,15.87277603149414,0.8798534870147705,10.362756729125977,79.07694244384766
MA,One-step,0.2 < CV ≤ 0.3,8,10.287402153015137,20.78057861328125,0.8845422267913818,10.799771308898926,92.96837615966797
MA,One-step,0.2 < CV ≤ 0.3,9,11.341572761535645,27.380800247192383,0.8829800486564636,11.493578910827637,111.09620666503906
MA,One-step,0.2 < CV ≤ 0.3,10,13.33906078338623,35.37355041503906,0.8765018582344055,11.791438102722168,129.5123291015625
MA,One-step,0.3 < CV ≤ 0.4,2,1.2555011510849,1.3172526359558105,0.8893283605575562,7.815356731414795,17.230424880981445
MA,One-step,0.3 < CV ≤ 0.4,3,1.968113899230957,2.851802110671997,0.8785904049873352,8.518961906433105,28.26117515563965
MA,One-step,0.3 < CV ≤ 0.4,4,3.1372992992401123,5.430822372436523,0.8614271283149719,8.724152565002441,39.3914909362793
MA,One-step,0.3 < CV ≤ 0.4,5,5.101349353790283,9.13034725189209,0.8500925898551941,8.341726303100586,50.732479095458984
MA,One-step,0.3 < CV ≤ 0.4,6,6.361860752105713,12.202176094055176,0.8587685227394104,7.471773624420166,59.88932800292969
MA,One-step,0.3 < CV ≤ 0.4,7,7.116647720336914,15.488457679748535,0.8695344924926758,7.185616493225098,68.13507843017578
MA,One-step,0.3 < CV ≤ 0.4,8,7.6014723777771,20.03526496887207,0.8754816651344299,7.627109050750732,81.1771469116211
MA,One-step,0.3 < CV ≤ 0.4,9,8.388453483581543,25.8403377532959,0.8746605515480042,8.059120178222656,96.44844818115234
MA,One-step,0.3 < CV ≤ 0.4,10,9.726263046264648,32.08208084106445,0.8702306151390076,7.974549293518066,109.59264373779297
MA,One-step,0.4 < CV ≤ 0.6,2,1.2210808992385864,1.1482396125793457,0.8679441213607788,4.8202595710754395,10.321305274963379
MA,One-step,0.4 < CV ≤ 0.6,3,1.9045066833496094,2.4691970348358154,0.8572068214416504,4.930047035217285,16.3195743560791
MA,One-step,0.4 < CV ≤ 0.6,4,2.7275705337524414,4.555385589599609,0.8431850671768188,4.975342273712158,22.805191040039062
MA,One-step,0.4 < CV ≤ 0.6,5,4.080424785614014,7.596546173095703,0.8408486247062683,4.714834213256836,29.780839920043945
MA,One-step,0.4 < CV ≤ 0.6,6,4.95973014831543,10.58594799041748,0.8502763509750366,4.321845531463623,35.64506149291992
MA,One-step,0.4 < CV ≤ 0.6,7,5.569743633270264,14.027752876281738,0.8593742847442627,4.235201835632324,41.99354553222656
MA,One-step,0.4 < CV ≤ 0.6,8,6.159213066101074,18.444610595703125,0.8654494881629944,4.373539924621582,49.93028259277344
MA,One-step,0.4 < CV ≤ 0.6,9,6.883406639099121,23.539173126220703,0.8662847280502319,4.4448628425598145,58.303260803222656
MA,One-step,0.4 < CV ≤ 0.6,10,7.825796127319336,29.849695205688477,0.862653374671936,4.391997337341309,66.87126922607422
LightGBM,One-step,0.2 < CV ≤ 0.3,2,1.1551400423049927,0.5876361131668091,0.9148950576782227,8.425137519836426,10.198223114013672
LightGBM,One-step,0.2 < CV ≤ 0.3,3,2.605311632156372,1.8564472198486328,0.8980386257171631,10.373169898986816,21.247867584228516
LightGBM,One-step,0.2 < CV ≤ 0.3,4,4.216049671173096,4.119143962860107,0.8861842751502991,11.732172012329102,35.35552978515625
LightGBM,One-step,0.2 < CV ≤ 0.3,5,7.797956943511963,9.68107795715332,0.8680176734924316,13.938493728637695,63.5325927734375
LightGBM,One-step,0.2 < CV ≤ 0.3,6,10.954093933105469,15.2784423828125,0.850419819355011,13.738838195800781,82.45829010009766
LightGBM,One-step,0.2 < CV ≤ 0.3,7,12.947787284851074,16.708032608032227,0.845736026763916,12.932676315307617,84.92839813232422
LightGBM,One-step,0.2 < CV ≤ 0.3,8,14.146366119384766,16.79741096496582,0.8632608652114868,11.467033386230469,84.7790298461914
LightGBM,One-step,0.2 < CV ≤ 0.3,9,15.25683879852295,19.960779190063477,0.8765186667442322,10.82736873626709,94.05855560302734
LightGBM,One-step,0.2 < CV ≤ 0.3,10,17.850366592407227,26.990285873413086,0.8829190135002136,11.140464782714844,117.12479400634766
LightGBM,One-step,0.3 < CV ≤ 0.4,2,0.9797641634941101,0.8790416717529297,0.8992620706558228,6.627182483673096,9.942720413208008
LightGBM,One-step,0.3 < CV ≤ 0.4,3,1.875514030456543,2.2235121726989746,0.8843894600868225,7.91483211517334,19.253849029541016
LightGBM,One-step,0.3 < CV ≤ 0.4,4,3.0627729892730713,4.55889368057251,0.8714577555656433,9.187620162963867,33.272953033447266
LightGBM,One-step,0.3 < CV ≤ 0.4,5,5.324379920959473,9.026135444641113,0.8570349812507629,9.974721908569336,55.12036895751953
LightGBM,One-step,0.3 < CV ≤ 0.4,6,7.085181713104248,12.694478988647461,0.8413594365119934,9.349499702453613,64.62640380859375
LightGBM,One-step,0.3 < CV ≤ 0.4,7,8.345695495605469,14.251056671142578,0.8390448689460754,8.647964477539062,67.13406372070312
LightGBM,One-step,0.3 < CV ≤ 0.4,8,9.152387619018555,15.327110290527344,0.8557457327842712,7.666995048522949,68.75989532470703
LightGBM,One-step,0.3 < CV ≤ 0.4,9,9.887089729309082,18.66972541809082,0.8699900507926941,7.324794769287109,77.72261810302734
LightGBM,One-step,0.3 < CV ≤ 0.4,10,11.961318016052246,25.000621795654297,0.880388617515564,7.6144938468933105,99.49806213378906
LightGBM,One-step,0.4 < CV ≤ 0.6,2,0.7384878396987915,0.6810394525527954,0.8681300282478333,4.827798366546631,6.089108467102051
LightGBM,One-step,0.4 < CV ≤ 0.6,3,1.3686714172363281,1.589257001876831,0.857127845287323,5.220654010772705,10.53204345703125
LightGBM,One-step,0.4 < CV ≤ 0.6,4,2.085968494415283,3.1119918823242188,0.8476816415786743,5.51596736907959,16.13008689880371
LightGBM,One-step,0.4 < CV ≤ 0.6,5,3.4746875762939453,6.12112283706665,0.8338429927825928,5.936927795410156,25.481304168701172
LightGBM,One-step,0.4 < CV ≤ 0.6,6,4.593537330627441,8.680608749389648,0.8194641470909119,5.725287437438965,31.25592613220215
LightGBM,One-step,0.4 < CV ≤ 0.6,7,5.364058017730713,9.984254837036133,0.8183084726333618,5.383107662200928,33.15591049194336
LightGBM,One-step,0.4 < CV ≤ 0.6,8,5.801934719085693,11.080342292785645,0.8309722542762756,4.966475486755371,34.54261779785156
LightGBM,One-step,0.4 < CV ≤ 0.6,9,6.289122581481934,13.595693588256836,0.8438274264335632,4.818843364715576,38.96908950805664
LightGBM,One-step,0.4 < CV ≤ 0.6,10,7.547357559204102,18.1076717376709,0.8552516102790833,4.890243053436279,49.178245544433594
LightGBM,H-step,0.2 < CV ≤ 0.3,2,0.814769446849823,0.499277800321579,0.9220937490463257,7.552083492279053,8.816400527954102
LightGBM,H-step,0.2 < CV ≤ 0.3,3,1.1002633571624756,0.9998245239257812,0.9236739873886108,7.376736640930176,13.54943561553955
LightGBM,H-step,0.2 < CV ≤ 0.3,4,1.2724826335906982,1.6279505491256714,0.9266296029090881,7.167525291442871,18.009719848632812
LightGBM,H-step,0.2 < CV ≤ 0.3,5,1.55268132686615,2.4595744609832764,0.9247690439224243,7.327043056488037,22.549530029296875
LightGBM,H-step,0.2 < CV ≤ 0.3,6,1.9884213209152222,3.311948776245117,0.9220662117004395,7.5311055183410645,26.96355628967285
LightGBM,H-step,0.2 < CV ≤ 0.3,7,2.35131573677063,4.333062648773193,0.9191988706588745,7.832712650299072,31.054401397705078
LightGBM,H-step,0.2 < CV ≤ 0.3,8,2.8720920085906982,5.888033390045166,0.9164949655532837,8.090193748474121,35.858055114746094
LightGBM,H-step,0.2 < CV ≤ 0.3,9,3.400103807449341,7.805147647857666,0.9136617183685303,8.280084609985352,40.53532409667969
LightGBM,H-step,0.2 < CV ≤ 0.3,10,3.890063524246216,10.285658836364746,0.9132683873176575,8.352478981018066,46.15046310424805
LightGBM,H-step,0.3 < CV ≤ 0.4,2,0.7523690462112427,0.770250678062439,0.9035346508026123,6.158202171325684,8.943120002746582
LightGBM,H-step,0.3 < CV ≤ 0.4,3,0.9549616575241089,1.5977638959884644,0.9032388925552368,6.142098426818848,13.537205696105957
LightGBM,H-step,0.3 < CV ≤ 0.4,4,1.0932148694992065,2.6800315380096436,0.9061418771743774,5.944669246673584,18.0358943939209
LightGBM,H-step,0.3 < CV ≤ 0.4,5,1.2819221019744873,3.857543468475342,0.9041352272033691,6.012263298034668,22.2745304107666
LightGBM,H-step,0.3 < CV ≤ 0.4,6,1.622829794883728,5.173157691955566,0.9002619385719299,6.137402057647705,26.502649307250977
LightGBM,H-step,0.3 < CV ≤ 0.4,7,1.8960485458374023,6.723649024963379,0.8990834951400757,6.3131208419799805,30.888349533081055
LightGBM,H-step,0.3 < CV ≤ 0.4,8,2.1873035430908203,8.49815559387207,0.8967911005020142,6.421327590942383,35.17173385620117
LightGBM,H-step,0.3 < CV ≤ 0.4,9,2.4714903831481934,10.67197036743164,0.895126461982727,6.464306831359863,39.55133056640625
LightGBM,H-step,0.3 < CV ≤ 0.4,10,2.786997079849243,13.469536781311035,0.895012617111206,6.4476637840271,44.965457916259766
LightGBM,H-step,0.4 < CV ≤ 0.6,2,0.5831332802772522,0.6107878088951111,0.8726201057434082,4.682727336883545,5.765888690948486
LightGBM,H-step,0.4 < CV ≤ 0.6,3,0.7989820241928101,1.14765202999115,0.8721750974655151,4.576730251312256,8.425667762756348
LightGBM,H-step,0.4 < CV ≤ 0.6,4,0.9277100563049316,1.8370758295059204,0.8756782412528992,4.41786003112793,11.220744132995605
LightGBM,H-step,0.4 < CV ≤ 0.6,5,1.1229299306869507,2.633200168609619,0.8739199638366699,4.411835193634033,13.795912742614746
LightGBM,H-step,0.4 < CV ≤ 0.6,6,1.3919445276260376,3.5522301197052,0.8693848252296448,4.432882785797119,15.97579574584961
LightGBM,H-step,0.4 < CV ≤ 0.6,7,1.551923394203186,4.575331211090088,0.8687796592712402,4.503210067749023,18.28307342529297
LightGBM,H-step,0.4 < CV ≤ 0.6,8,1.7383193969726562,5.827799320220947,0.8668304085731506,4.5629048347473145,20.86023712158203
LightGBM,H-step,0.4 < CV ≤ 0.6,9,1.9454189538955688,7.360080718994141,0.865128219127655,4.547310829162598,23.22330093383789
LightGBM,H-step,0.4 < CV ≤ 0.6,10,2.1034348011016846,9.135441780090332,0.8680952191352844,4.493143558502197,26.335617065429688
LSTM,One-step,0.2 < CV ≤ 0.3,2,1.5167039632797241,0.7171154618263245,0.9245548844337463,7.208367347717285,11.968165397644043
LSTM,One-step,0.2 < CV ≤ 0.3,3,3.0908634662628174,2.212833881378174,0.9076113104820251,9.233147621154785,24.075132369995117
LSTM,One-step,0.2 < CV ≤ 0.3,4,5.1751484870910645,5.227755069732666,0.8925194144248962,11.128403663635254,41.81235122680664
LSTM,One-step,0.2 < CV ≤ 0.3,5,8.86469554901123,11.083081245422363,0.8765856623649597,12.837361335754395,68.47904968261719
LSTM,One-step,0.2 < CV ≤ 0.3,6,11.787010192871094,16.140573501586914,0.8628493547439575,12.56897258758545,85.61268615722656
LSTM,One-step,0.2 < CV ≤ 0.3,7,13.9260835647583,17.868383407592773,0.8618800044059753,11.665724754333496,89.56379699707031
LSTM,One-step,0.2 < CV ≤ 0.3,8,15.466864585876465,18.69251823425293,0.8780229091644287,10.291590690612793,92.01078033447266
LSTM,One-step,0.2 < CV ≤ 0.3,9,16.9200382232666,22.49632453918457,0.8892932534217834,9.771322250366211,103.35576629638672
LSTM,One-step,0.2 < CV ≤ 0.3,10,20.445093154907227,30.10316276550293,0.8969429731369019,9.995636940002441,128.7867431640625
LSTM,One-step,0.3 < CV ≤ 0.4,2,1.3534752130508423,0.8193942904472351,0.8222031593322754,8.10837173461914,10.603764533996582
LSTM,One-step,0.3 < CV ≤ 0.4,3,2.44270396232605,2.2537240982055664,0.8106508255004883,9.295960426330566,20.75946807861328
LSTM,One-step,0.3 < CV ≤ 0.4,4,4.016587257385254,5.052015781402588,0.7999183535575867,10.708161354064941,38.160953521728516
LSTM,One-step,0.3 < CV ≤ 0.4,5,6.242676734924316,9.627449989318848,0.791807234287262,11.050185203552246,58.932029724121094
LSTM,One-step,0.3 < CV ≤ 0.4,6,7.9054083824157715,12.98423957824707,0.7830024361610413,10.285994529724121,67.62471008300781
LSTM,One-step,0.3 < CV ≤ 0.4,7,9.335088729858398,14.698674201965332,0.7834306955337524,9.412745475769043,71.48316955566406
LSTM,One-step,0.3 < CV ≤ 0.4,8,10.37442398071289,16.14475440979004,0.7967653274536133,8.632583618164062,76.44268035888672
LSTM,One-step,0.3 < CV ≤ 0.4,9,11.41490364074707,19.889694213867188,0.8086907863616943,8.286528587341309,87.99403381347656
LSTM,One-step,0.3 < CV ≤ 0.4,10,13.482810974121094,26.599533081054688,0.8207530379295349,8.316912651062012,109.35726928710938
LSTM,One-step,0.4 < CV ≤ 0.6,2,1.316974401473999,0.8679075837135315,0.7939007878303528,5.681112766265869,7.486697196960449
LSTM,One-step,0.4 < CV ≤ 0.6,3,2.3125226497650146,2.311659097671509,0.7862558364868164,5.889052391052246,13.450882911682129
LSTM,One-step,0.4 < CV ≤ 0.6,4,3.5421411991119385,4.868043422698975,0.7811017632484436,6.160977840423584,21.83350944519043
LSTM,One-step,0.4 < CV ≤ 0.6,5,5.034816265106201,8.659396171569824,0.7761847376823425,6.233157157897949,31.75286865234375
LSTM,One-step,0.4 < CV ≤ 0.6,6,6.330827713012695,11.917254447937012,0.7719687819480896,5.918737411499023,38.59227752685547
LSTM,One-step,0.4 < CV ≤ 0.6,7,7.375062465667725,14.149188995361328,0.7726413011550903,5.500655174255371,42.492286682128906
LSTM,One-step,0.4 < CV ≤ 0.6,8,8.238441467285156,17.053775787353516,0.7847682237625122,5.187256336212158,46.80215835571289
LSTM,One-step,0.4 < CV ≤ 0.6,9,9.184621810913086,21.434968948364258,0.7941305041313171,5.046183109283447,53.588356018066406
LSTM,One-step,0.4 < CV ≤ 0.6,10,10.616507530212402,27.75005531311035,0.803127646446228,5.096463203430176,64.77412414550781
LSTM,H-step,0.2 < CV ≤ 0.3,2,0.967965304851532,0.5821412801742554,0.9377614259719849,6.03996467590332,11.379979133605957
LSTM,H-step,0.2 < CV ≤ 0.3,3,1.273496389389038,1.1721159219741821,0.9373862743377686,6.000874996185303,16.913217544555664
LSTM,H-step,0.2 < CV ≤ 0.3,4,1.5163817405700684,1.9295746088027954,0.9378750324249268,5.952920913696289,22.37971305847168
LSTM,H-step,0.2 < CV ≤ 0.3,5,1.808764934539795,2.9027626514434814,0.9365635514259338,6.029305458068848,27.70647430419922
LSTM,H-step,0.2 < CV ≤ 0.3,6,2.215972661972046,4.0309834480285645,0.934568464756012,6.106945991516113,32.871185302734375
LSTM,H-step,0.2 < CV ≤ 0.3,7,2.8405840396881104,5.4446868896484375,0.9322428107261658,6.134665012359619,37.86166763305664
LSTM,H-step,0.2 < CV ≤ 0.3,8,3.4571115970611572,7.40729284286499,0.9307990670204163,6.289877414703369,43.89707565307617
LSTM,H-step,0.2 < CV ≤ 0.3,9,4.105632781982422,10.090424537658691,0.9296225905418396,6.4184041023254395,50.68586349487305
LSTM,H-step,0.2 < CV ≤ 0.3,10,4.682808876037598,12.680511474609375,0.9289237260818481,6.496938705444336,57.21500778198242
LSTM,H-step,0.3 < CV ≤ 0.4,2,0.8447931408882141,0.5931440591812134,0.830880343914032,7.965719699859619,8.802931785583496
LSTM,H-step,0.3 < CV ≤ 0.4,3,1.1180593967437744,1.2148241996765137,0.8290994763374329,7.957235813140869,13.38537311553955
LSTM,H-step,0.3 < CV ≤ 0.4,4,1.3403525352478027,2.067911148071289,0.8291820883750916,7.922449111938477,18.202089309692383
LSTM,H-step,0.3 < CV ≤ 0.4,5,1.563071370124817,3.1001758575439453,0.8263155817985535,8.070537567138672,23.073331832885742
LSTM,H-step,0.3 < CV ≤ 0.4,6,1.9519888162612915,4.403175354003906,0.8224039077758789,8.229063987731934,28.18509292602539
LSTM,H-step,0.3 < CV ≤ 0.4,7,2.43738055229187,5.95456075668335,0.8207657337188721,8.164778709411621,32.955745697021484
LSTM,H-step,0.3 < CV ≤ 0.4,8,2.7984237670898438,7.657625675201416,0.8181819319725037,8.24586009979248,37.34035873413086
LSTM,H-step,0.3 < CV ≤ 0.4,9,3.1942999362945557,9.820453643798828,0.8162966966629028,8.342546463012695,42.75820541381836
LSTM,H-step,0.3 < CV ≤ 0.4,10,3.6111867427825928,12.478971481323242,0.8139629364013672,8.47072982788086,48.88547134399414
LSTM,H-step,0.4 < CV ≤ 0.6,2,0.8418743014335632,0.7045004963874817,0.8101004362106323,5.195754051208496,6.991278171539307
LSTM,H-step,0.4 < CV ≤ 0.6,3,1.1726083755493164,1.376874566078186,0.8085004091262817,5.08942985534668,10.265628814697266
LSTM,H-step,0.4 < CV ≤ 0.6,4,1.434116005897522,2.246985912322998,0.8084433078765869,5.032555103302002,13.80289077758789
LSTM,H-step,0.4 < CV ≤ 0.6,5,1.682042121887207,3.2156472206115723,0.8059592247009277,5.112513065338135,17.153844833374023
LSTM,H-step,0.4 < CV ≤ 0.6,6,1.9090089797973633,4.378730773925781,0.8057907819747925,5.108259677886963,20.36469078063965
LSTM,H-step,0.4 < CV ≤ 0.6,7,2.2042579650878906,5.6576361656188965,0.8051840662956238,5.040050506591797,23.589576721191406
LSTM,H-step,0.4 < CV ≤ 0.6,8,2.5761795043945312,7.32700777053833,0.8007809519767761,5.116294860839844,26.764284133911133
LSTM,H-step,0.4 < CV ≤ 0.6,9,2.978421211242676,9.375066757202148,0.7993394136428833,5.112883567810059,30.437828063964844
LSTM,H-step,0.4 < CV ≤ 0.6,10,3.3215606212615967,11.311296463012695,0.7998011708259583,5.0840163230896,33.99402618408203
