A,Method,Horizon,phi,LT,AR_ours,OFR_ours,VI_ours,BO_ours,EI_ours,AR_paper,OFR_paper,VI_paper,BO_paper,EI_paper,absolute_error_AR,relative_error_AR,absolute_error_OFR,relative_error_OFR,absolute_error_VI,relative_error_VI,absolute_error_BO,relative_error_BO,absolute_error_EI,relative_error_EI
0,ES,One-step,0.0,2,2.0595860808745674,0.9663806812645944,1.6689391445337622,3.667958512316152,11.03045900077757,2.21,0.97,1.75,3.66,11.14,0.15041391912543256,0.068060596889336,0.0036193187354055523,0.0037312564282531466,0.08106085546623776,0.04632048883785015,0.007958512316152078,0.0021744569169814417,0.1095409992224301,0.009833123808117603
0,ES,One-step,0.0,10,31.708786895587057,0.9409919661022684,39.1994948625335,6.084559390853104,69.22901198569899,33.04,0.94,36.16,6.4,70.23,1.3312131044129423,0.04029095352339414,0.0009919661022684823,0.001055283087519662,3.039494862533502,0.08405682695059465,0.3154406091468962,0.04928759517920253,1.000988014301015,0.014252997498234585
0,MA,One-step,0.0,2,1.496741468525644,0.9691720546254492,1.3601070704741332,3.365962666088952,10.126940248392218,1.39,0.97,1.33,3.27,9.96,0.10674146852564403,0.07679242339974392,0.0008279453745507759,0.0008535519325265731,0.03010707047413308,0.02263689509333314,0.0959626660889521,0.02934638106695783,0.16694024839221733,0.01676106911568447
0,MA,One-step,0.0,10,14.21081885540691,0.9497923194824232,31.455827466813272,5.211271644732656,58.12997233010417,13.9,0.95,24.75,4.91,53.36,0.3108188554069091,0.02236106873431001,0.00020768051757680261,0.00021861107113347645,6.705827466813272,0.27094252391164736,0.30127164473265555,0.0613587871145938,4.769972330104167,0.08939228504692967
0,LightGBM,One-step,0.0,2,3.6145948104297374,0.9677215419308138,1.7389475052148509,3.4758046831921834,11.80410457562684,2.24,0.97,1.45,3.48,10.8,1.3745948104297372,0.6136583975132754,0.00227845806918614,0.002348925844521794,0.2889475052148509,0.19927414152748338,0.004195316807816596,0.0012055508068438494,1.0041045756268385,0.09297264589137393
0,LightGBM,One-step,0.0,10,32.93568033230572,0.9597953233589596,20.822704076121948,4.136039321675478,54.11599346929204,20.42,0.96,13.74,4.11,47.07,12.51568033230572,0.6129128468318178,0.00020467664104040217,0.0002132048344170856,7.0827040761219475,0.5154806460059641,0.02603932167547729,0.006335601380894717,7.045993469292043,0.1496918094177192
0,LightGBM,H-step,0.0,2,1.7120943225803589,0.9749990853236008,1.175931365630026,2.7589812006030323,9.674827833244706,2.02,0.97,1.32,3.34,10.29,0.30790567741964114,0.15242855317804016,0.004999085323600827,0.00515369620989776,0.14406863436997397,0.10914290482573785,0.5810187993969675,0.17395772437034956,0.6151721667552934,0.05978349531149596
0,LightGBM,H-step,0.0,10,2.824313519884502,0.9850430077683092,4.449437746035704,1.623681555136892,23.78353323240687,2.7,0.98,6.77,2.3,27.34,0.12431351988450201,0.046042044401667405,0.005043007768309238,0.0051459262941931,2.3205622539642956,0.34277138167862564,0.6763184448631079,0.2940514977665687,3.556466767593129,0.13008291029967553
0,LSTM,One-step,0.0,2,1.26028409765741,0.9731327673710798,1.031512000428452,2.963365660599149,8.769850357955061,1.26,0.98,1.24,2.34,10.45,0.00028409765740988746,0.00022547433127768847,0.006867232628920195,0.007007380233592035,0.20848799957154807,0.168135483525442,0.6233656605991493,0.2663955814526279,1.6801496420449382,0.16077987005214722
0,LSTM,One-step,0.0,10,1.3325450954293123,0.9802183470497674,4.836357297636337,2.1449488213099666,23.01206073373792,1.7,0.99,6.4,1.11,28.86,0.36745490457068763,0.21614994386511038,0.009781652950232589,0.009880457525487463,1.563642702363663,0.24431917224432234,1.0349488213099665,0.9323863255044742,5.847939266262081,0.20263129820727932
0,LSTM,H-step,0.0,2,1.2973566766825757,0.9741419359885268,1.066755847157151,2.852689804924492,9.049532296839288,1.25,0.98,1.22,2.41,10.21,0.047356676682575705,0.037885341346060565,0.005858064011473152,0.005977616338237911,0.15324415284284898,0.12560996134659752,0.44268980492449206,0.18368871573630374,1.1604677031607125,0.11365991216069661
0,LSTM,H-step,0.0,10,1.7864289774822748,0.9822943030383232,4.841832607465345,1.9226796769501735,23.68109860682233,1.35,0.98,5.21,1.94,22.62,0.4364289774822747,0.3232807240609442,0.002294303038323231,0.0023411255493094195,0.36816739253465514,0.07066552639820636,0.017320323049826447,0.008928001572075489,1.0610986068223305,0.04690975273308269
0,ES,One-step,0.3,2,2.1165503198498694,0.96364569849827,1.8046217483953615,3.989651277763509,12.010666224129912,2.25,0.96,1.84,4.22,12.5,0.1334496801501306,0.059310968955613594,0.0036456984982700114,0.0037976026023645955,0.03537825160463859,0.019227310654694883,0.23034872223649083,0.05458500526931063,0.4893337758700884,0.039146702069607076
0,ES,One-step,0.3,10,30.186110618353844,0.9297083892211186,56.26900555553235,7.263612018215728,82.73645443693617,29.12,0.92,64.52,8.03,89.73,1.066110618353843,0.036610941564349,0.009708389221118607,0.010552596979476747,8.250994444467644,0.127882740924793,0.7663879817842716,0.09544059548994666,6.993545563063833,0.07793988145618894
0,MA,One-step,0.3,2,1.5164822439401864,0.965862082996731,1.5433796051944022,3.758541206962428,11.324428833865056,1.59,0.96,1.6,3.94,11.67,0.0735177560598137,0.04623758242755578,0.005862082996731077,0.006106336454928206,0.056620394805597885,0.03538774675349868,0.18145879303757173,0.04605553122781009,0.34557116613494365,0.02961192511867555
0,MA,One-step,0.3,10,16.304786147146178,0.9377164475084498,48.10547118381559,6.453016986276619,72.27760524442095,16.94,0.93,58.91,7.51,82.91,0.6352138528538234,0.03749786616610527,0.007716447508449797,0.00829725538542989,10.804528816184408,0.18340738102502815,1.0569830137233804,0.1407434106156299,10.632394755579043,0.12824019726907543
0,LightGBM,One-step,0.3,2,2.7804839796889698,0.9662983449631206,1.654136780603183,3.701590439495779,12.097018122614111,2.6,0.96,1.78,4.08,11.84,0.18048397968896968,0.06941691526498833,0.00629834496312065,0.0065607760032506774,0.125863219396817,0.07070967381843651,0.37840956050422125,0.09274744130005423,0.2570181226141113,0.021707611707272912
0,LightGBM,One-step,0.3,10,29.159135422647903,0.9470622552444704,32.82855734729047,5.487462159055121,67.24522419375913,33.22,0.94,33.81,6.43,72.16,4.0608645773520955,0.12224155861987043,0.007062255244470461,0.007513037494117513,0.9814426527095321,0.02902817665511778,0.9425378409448788,0.14658442316405582,4.914775806240868,0.06810942081819385
0,LightGBM,H-step,0.3,2,1.6477534581434172,0.9729027609121595,1.2702786193162752,3.023496219945772,10.170098426590046,2.3,0.96,1.65,3.95,11.52,0.6522465418565826,0.28358545298112287,0.012902760912159583,0.013440375950166233,0.37972138068372474,0.23013417011134835,0.9265037800542282,0.23455791900107043,1.3499015734099533,0.11717895602516956
0,LightGBM,H-step,0.3,10,3.09474055841991,0.9804002724614534,8.288129778047853,2.125568831320555,30.464480086954584,3.86,0.97,10.96,3.49,37.97,0.7652594415800897,0.19825374134199217,0.010400272461453475,0.010721930372632449,2.6718702219521475,0.24378377937519594,1.3644311686794452,0.39095448959296425,7.505519913045415,0.19766973697775653
0,LSTM,One-step,0.3,2,1.3581171275421844,0.9714954601748472,1.2840419044733271,3.192560710339779,10.334597342586656,1.67,0.96,1.21,4.53,9.1,0.31188287245781554,0.18675621105258416,0.01149546017484726,0.011974437682132563,0.07404190447332715,0.06119165658952657,1.3374392896602214,0.2952404612936471,1.2345973425866568,0.13567003764688537
0,LSTM,One-step,0.3,10,9.016507381118355,0.963361727323184,16.71929975177898,3.878362296271193,46.68858378488195,12.12,0.94,18.85,6.24,46.72,3.103492618881644,0.2560637474324789,0.02336172732318409,0.02485290140764265,2.1307002482210216,0.11303449592684464,2.361637703728807,0.37846758072577036,0.031416215118049706,0.0006724361112596255
0,LSTM,H-step,0.3,2,1.1606913075619711,0.9720714797272104,1.146536796675914,3.1299828525156688,9.817033580164024,1.53,0.97,1.3,3.76,10.02,0.3693086924380289,0.24137823035165287,0.0020714797272104457,0.0021355461105262326,0.15346320332408614,0.11804861794160472,0.630017147484331,0.16755775199051356,0.20296641983597574,0.020256129724149276
0,LSTM,H-step,0.3,10,1.842287268055138,0.9785690299799816,7.985681370162005,2.356264390063435,30.96163582398027,1.94,0.97,8.45,3.62,28.0,0.09771273194486185,0.050367387600444256,0.008569029979981657,0.008834051525754286,0.46431862983799466,0.05494895027668576,1.2637356099365653,0.34909823478910645,2.96163582398027,0.10577270799929536
0,ES,One-step,0.6,2,1.852219110839471,0.9604533732963896,1.5327035942508445,4.359476839396241,13.168264951056091,1.76,0.96,1.44,4.68,13.71,0.09221911083947099,0.05239722206788124,0.0004533732963896142,0.00047226385040584817,0.09270359425084451,0.06437749600753091,0.3205231606037584,0.06848785482986292,0.5417350489439094,0.03951386206738945
0,ES,One-step,0.6,10,23.82070785851779,0.9129900983253862,69.50326751764844,9.16813500439685,105.23029833515054,23.53,0.91,71.55,9.94,108.91,0.2907078585177878,0.01235477511762804,0.0029900983253862146,0.003285822335589247,2.0467324823515582,0.028605625190098648,0.7718649956031491,0.07765241404458241,3.6797016648494605,0.033786628086029384
0,MA,One-step,0.6,2,1.4627084879703498,0.961263691184148,1.509207910294305,4.30097905393222,13.012447103472129,1.37,0.96,1.48,4.59,13.24,0.0927084879703497,0.06767042917543772,0.0012636911841480414,0.0013163449834875432,0.02920791029430503,0.019735074523179075,0.2890209460677795,0.06296752637642256,0.2275528965278717,0.01718677466222596
0,MA,One-step,0.6,10,15.999951080265504,0.9194722640272126,64.90710829245094,8.4874219818149,96.17874868069885,16.2,0.91,68.62,9.53,102.41,0.20004891973449546,0.01234869874904293,0.009472264027212574,0.010409081348585245,3.712891707549062,0.05410801089404054,1.0425780181850985,0.1093995821810177,6.231251319301151,0.06084612166098185
0,LightGBM,One-step,0.6,2,2.651944268124946,0.9628396504172492,1.5593697179089294,4.113284707212732,13.620009903068494,2.72,0.95,1.56,5.51,14.08,0.06805573187505409,0.025020489659946354,0.012839650417249215,0.01351542149184128,0.000630282091070633,0.000404026981455534,1.3967152927872677,0.25348734896320646,0.45999009693150583,0.03266975120252172
0,LightGBM,One-step,0.6,10,30.7009777630209,0.9232021862870377,56.70099454866391,8.086291369955328,100.78006448596776,28.69,0.91,43.85,9.43,97.19,2.0109777630209003,0.07009333436810387,0.01320218628703762,0.01450789701872266,12.850994548663905,0.2930671504826432,1.343708630044672,0.14249296182870327,3.5900644859677584,0.03693862008403908
0,LightGBM,H-step,0.6,2,1.92246228127916,0.9687450819410532,1.281814103609932,3.505367704550448,12.122821146239868,2.51,0.95,1.45,5.49,13.44,0.5875377187208397,0.23407877239874095,0.018745081941053288,0.019731665201108726,0.16818589639006798,0.11599027337246068,1.9846322954495523,0.36149950736786013,1.3171788537601312,0.09800437900000977
0,LightGBM,H-step,0.6,10,4.994467625783039,0.969722401022118,15.824822469237084,3.3651747094053124,49.11716726163873,6.3,0.94,18.9,6.71,54.07,1.305532374216961,0.20722736098681918,0.029722401022118095,0.031619575555444784,3.0751775307629146,0.16270780586047168,3.3448252905946876,0.4984836498650801,4.952832738361273,0.09160038354653732
0,LSTM,One-step,0.6,2,2.1464089158406137,0.9631531689951854,1.473065104314662,4.122712881784807,12.953532825416533,1.92,0.96,1.19,5.07,12.06,0.22640891584061373,0.117921310333653,0.0031531689951854736,0.0032845510366515352,0.28306510431466214,0.23786983555853963,0.9472871182151934,0.18684164067360814,0.893532825416532,0.0740906157061801
0,LSTM,One-step,0.6,10,26.885289692033467,0.9260414188092634,48.63221658471437,7.830611863475973,93.0974173026352,21.66,0.92,38.48,8.92,84.29,5.225289692033467,0.24124144469221917,0.006041418809263344,0.006566759575286242,10.152216584714374,0.2638309923262571,1.0893881365240272,0.12212871485695373,8.807417302635187,0.10448946853286495
0,LSTM,H-step,0.6,2,1.5402365691436957,0.9714244270303048,1.3681825618262793,3.2577290267105243,13.405292944309476,1.69,0.96,1.16,4.56,12.35,0.14976343085630428,0.08861741470787236,0.011424427030304884,0.011900444823234255,0.20818256182627937,0.17946772571230982,1.3022709732894753,0.2855857397564639,1.0552929443094765,0.08544882140157704
0,LSTM,H-step,0.6,10,3.5899812949673757,0.9692513896999122,16.894811581203165,3.431837548733592,55.97751724028429,3.9,0.94,13.05,6.4,41.18,0.3100187050326242,0.07949197564939083,0.029251389699912256,0.031118499680757722,3.844811581203164,0.2946215771036907,2.968162451266408,0.46377538301037624,14.797517240284293,0.3593374754804345
0,ES,One-step,0.9,2,1.2998275920987052,0.95673742304087,0.668673509600713,4.793745464426573,14.72194314200505,1.36,0.96,0.73,4.64,14.5,0.060172407901294855,0.044244417574481505,0.0032625769591300147,0.0033985176657604322,0.06132649039928695,0.08400889095792732,0.15374546442657344,0.033134798367796,0.22194314200505083,0.01530642358655523
0,ES,One-step,0.9,10,9.086116553254485,0.8936473001205716,41.40875358498116,11.993429596538988,141.03298915542018,9.52,0.9,43.28,11.62,139.59,0.43388344674551504,0.045575992305201166,0.006352699879428436,0.007058555421587151,1.8712464150188381,0.04323582289784746,0.37342959653898866,0.032136798325214176,1.4429891554201788,0.010337339031593801
0,MA,One-step,0.9,2,1.2123770889395349,0.9553931422270708,0.7785732248138038,4.982040525538968,15.341215959603517,1.29,0.96,0.82,4.88,15.24,0.07762291106046515,0.06017279927167841,0.004606857772929129,0.00479881018013451,0.041426775186196196,0.05052045754414171,0.10204052553896847,0.020909943757985345,0.10121595960351648,0.006641467165585071
0,MA,One-step,0.9,10,7.20775617680814,0.8956750435091536,43.44006531754079,11.71566067074988,136.55140485120714,7.94,0.9,45.3,11.64,136.24,0.73224382319186,0.09222214397882367,0.00432495649084641,0.004805507212051567,1.8599346824592047,0.04105816076068885,0.0756606707498797,0.006500057624560111,0.31140485120712924,0.0022857079507276074
0,LightGBM,One-step,0.9,2,1.7292792038946363,0.9576399876830398,0.6874190929315747,4.728564234270715,15.787142914030133,2.03,0.95,0.79,5.81,16.15,0.3007207961053635,0.1481383232046126,0.007639987683039862,0.008042092297936697,0.10258090706842538,0.129849249453703,1.0814357657292843,0.18613352250073742,0.3628570859698659,0.022467931019805938
0,LightGBM,One-step,0.9,10,14.529905169139251,0.8983302606319968,43.61073085204881,11.581521371846744,152.00181685043896,17.5,0.9,41.88,11.98,148.7,2.9700948308607487,0.1697197046206142,0.001669739368003187,0.0018552659644479855,1.7307308520488078,0.04132595157709665,0.3984786281532564,0.03326198899442875,3.3018168504389678,0.022204551785063673
0,LightGBM,H-step,0.9,2,1.5977047831756293,0.9618052595582062,0.6363867424216674,4.326196119243918,15.166819566307794,2.09,0.95,0.81,6.11,16.54,0.4922952168243706,0.23554795063367015,0.011805259558206216,0.012426589008638123,0.17361325757833268,0.2143373550349786,1.783803880756082,0.29194826198953877,1.3731804336922053,0.08302179163798099
0,LightGBM,H-step,0.9,10,8.530365640994487,0.9389021295109012,24.780920824956706,7.376734139214655,111.46591242884708,12.24,0.89,30.74,12.68,123.2,3.7096343590055127,0.3030747025331301,0.04890212951090123,0.05494621293359688,5.959079175043293,0.19385423471188332,5.303265860785345,0.4182386325540493,11.734087571152926,0.09524421729831921
0,LSTM,One-step,0.9,2,1.662702653906636,0.9582173086287032,0.7013594815245887,4.68038426076719,16.263242361925776,1.65,0.94,0.55,7.07,12.04,0.012702653906636163,0.007698578125234039,0.0182173086287033,0.01938011556245032,0.15135948152458867,0.27519905731743394,2.38961573923281,0.33799373963688967,4.223242361925777,0.3507676380337025
0,LSTM,One-step,0.9,10,15.11155389443403,0.8968473868739864,45.19326012488968,11.716802063341651,156.75106028402243,13.13,0.88,36.63,14.35,132.02,1.981553894434029,0.1509180422265064,0.016847386873986347,0.019144757811348122,8.56326012488968,0.23377723518672344,2.6331979366583482,0.18349811405284658,24.73106028402242,0.18732813425255582
0,LSTM,H-step,0.9,2,1.3794544108808495,0.9629210611918572,0.6362860975477541,4.271620493085309,15.482860691189652,1.84,0.96,0.83,4.61,17.66,0.46054558911915056,0.2502965158256253,0.0029210611918571994,0.0030427720748512493,0.19371390245224585,0.2333902439183685,0.3383795069146913,0.07340119455850136,2.1771393088103483,0.12328082156343988
0,LSTM,H-step,0.9,10,6.911748328188014,0.9269892335834384,25.78863332768868,8.79214856911804,115.2198018997361,8.98,0.91,25.08,11.29,107.52,2.0682516718119865,0.23031755810823903,0.0169892335834384,0.018669487454327914,0.7086333276886805,0.02825491737195696,2.4978514308819584,0.2212445908664268,7.6998018997361015,0.07161274088296225
10,ES,One-step,0.0,2,1.995842835550904,0.957244248314168,1.7087547981780578,4.749535252592709,14.29822482361027,2.08,0.96,1.78,4.6,14.17,0.08415716444909616,0.04046017521591161,0.0027557516858319753,0.002870574672741641,0.07124520182194227,0.04002539428199004,0.1495352525927096,0.032507663607110784,0.1282248236102692,0.009049034834881384
10,ES,One-step,0.0,10,32.40935334404944,0.9002654645538597,65.77407449809677,9.441064485428177,111.8141605805816,30.86,0.9,58.26,9.49,108.81,1.5493533440494431,0.05020587634638507,0.0002654645538596734,0.0002949606153996371,7.514074498096768,0.1289748454874145,0.048935514571823546,0.005156534728327033,3.0041605805815976,0.02760923242883556
10,MA,One-step,0.0,2,1.6536671398660054,0.956972950693518,1.7814255650115502,4.808328659035658,14.4707402262774,1.58,0.96,1.84,4.82,14.8,0.07366713986600537,0.04662477206709201,0.0030270493064820103,0.0031531763609187607,0.05857443498844983,0.031833932058940126,0.011671340964341859,0.002421440034095821,0.32925977372260107,0.022247282008283856
10,MA,One-step,0.0,10,22.813034557271763,0.905925401862424,60.587223189714656,8.845171430802337,102.504851001471,22.69,0.9,55.68,9.05,101.2,0.12303455727176171,0.005422413277732997,0.005925401862423962,0.0065837798471377355,4.9072231897146565,0.08813260038999024,0.20482856919766412,0.022632991071565096,1.3048510014709933,0.012893784599515744
10,LightGBM,One-step,0.0,2,3.0207972391448163,0.9623841360309155,1.475248544870772,4.110910746894211,13.634225204847327,2.69,0.96,1.7,4.13,13.74,0.3307972391448164,0.12297295135495034,0.0023841360309155846,0.002483475032203734,0.224751455129228,0.1322067383113106,0.019089253105788906,0.004622095182999735,0.10577479515267285,0.00769831114648274
10,LightGBM,One-step,0.0,10,33.59771435702015,0.9139146780202244,52.86120063229102,8.424351091857677,106.0952953071915,30.17,0.93,31.44,6.63,81.39,3.4277143570201503,0.1136133363281455,0.016085321979775635,0.017296045139543692,21.421200632291022,0.681335897973633,1.7943510918576768,0.2706411903254415,24.705295307191506,0.3035421465436971
10,LightGBM,H-step,0.0,2,1.6630823690998464,0.9708024501285784,1.024525549978865,3.257903973222306,11.069710463795996,2.3,0.96,1.61,3.99,13.4,0.6369176309001534,0.27692070908702326,0.01080245012857839,0.011252552217269157,0.5854744500211351,0.3636487267212019,0.7320960267776941,0.18348271347811881,2.3302895362040044,0.17390220419432867
10,LightGBM,H-step,0.0,10,1.9551489685420615,0.9827440488426442,3.721518358913648,1.901069009980143,26.54447496145041,1.98,0.98,4.76,2.3,29.18,0.024851031457938433,0.012551025988857795,0.002744048842644231,0.002800049839432889,1.038481641086352,0.2181684119929311,0.39893099001985677,0.17344825653037252,2.6355250385495914,0.09031956951849182
10,LSTM,One-step,0.0,2,1.2668830189717233,0.9695228462556096,0.9529267290552472,3.416073955902189,10.6919149027845,1.31,0.98,1.13,2.69,12.8,0.04311698102827677,0.03291372597578379,0.0104771537443904,0.010690973208561633,0.17707327094475267,0.15670200968562184,0.7260739559021889,0.26991596873687324,2.1080850972155005,0.16469414821996098
10,LSTM,One-step,0.0,10,15.001839481520776,0.923747919665022,40.48445170809217,7.614883712679911,86.53705211581526,15.11,0.93,44.67,6.96,98.03,0.10816051847922381,0.007158207708750749,0.0062520803349780385,0.006722667026858106,4.185548291907828,0.09369931255670087,0.6548837126799114,0.09409248745401026,11.492947884184744,0.11723908889304034
10,LSTM,H-step,0.0,2,1.276400723372925,0.9720797646399876,0.944543117161136,3.13048852068389,10.820807614221923,1.54,0.97,1.25,3.68,11.81,0.26359927662707494,0.17116836144615255,0.0020797646399876024,0.002144087257719178,0.30545688283886396,0.24436550627109116,0.5495114793161102,0.14932377155329082,0.9891923857780771,0.08375888109890577
10,LSTM,H-step,0.0,10,1.478696635303172,0.9812468589009532,3.620854956635605,2.066450104442102,25.71234565310135,1.21,0.98,4.5,2.63,27.63,0.2686966353031721,0.22206333496129926,0.0012468589009532183,0.0012723050009726716,0.879145043364395,0.19536556519208778,0.5635498955578977,0.214277526828098,1.9176543468986473,0.06940478997099701
10,ES,One-step,0.3,2,1.996410209020375,0.9504215277340105,1.857990315714883,5.579073237368843,16.79992058169604,1.96,0.95,1.78,5.76,17.34,0.03641020902037506,0.018576637255293398,0.00042152773401049615,0.0004437134042215749,0.07799031571488291,0.04381478410948478,0.1809267626311568,0.03141089629013139,0.5400794183039608,0.031146448575776284
10,ES,One-step,0.3,10,29.17717921593491,0.8838472184183616,77.25464935571043,10.73013716049929,133.53624447757525,28.45,0.88,83.52,11.02,136.6,0.7271792159349104,0.02555990214182462,0.003847218418361553,0.004371839111774492,6.265350644289569,0.07501617150729849,0.2898628395007101,0.026303342967396563,3.063755522424742,0.022428664146594012
10,MA,One-step,0.3,2,1.6874583506934837,0.9484073955402872,2.1058430626566755,5.848619783340367,17.60738394959365,1.65,0.95,2.1,5.92,17.88,0.0374583506934838,0.022702030723323517,0.0015926044597127653,0.0016764257470660688,0.005843062656675446,0.0027824107888930697,0.0713802166596329,0.012057469030343396,0.2726160504063486,0.015246982684918827
10,MA,One-step,0.3,10,24.281494194834053,0.8857746073700754,75.01543565337913,10.46889017501332,128.04392156497113,23.64,0.88,78.16,10.38,128.04,0.6414941948340527,0.027135964248479385,0.005774607370075402,0.006562053829631139,3.144564346620868,0.040232399521761365,0.08889017501331864,0.008563600675656901,0.003921564971136604,3.062765519475636e-05
10,LightGBM,One-step,0.3,2,2.680749316514976,0.959278127025418,1.4349518496276998,4.507653550412065,15.120320549298208,3.16,0.95,1.76,5.81,16.9,0.4792506834850241,0.15166160869779244,0.009278127025418081,0.009766449500440087,0.32504815037230017,0.18468644907517054,1.3023464495879349,0.22415601541961014,1.7796794507017903,0.10530647637288701
10,LightGBM,One-step,0.3,10,31.122870753611934,0.8917753357673331,69.6988136368969,10.4191926716387,138.40228493198552,34.96,0.89,59.43,9.91,124.3,3.8371292463880664,0.10975770155572272,0.0017753357673331305,0.0019947592891383487,10.268813636896901,0.17278838359240958,0.5091926716387007,0.05138170248624629,14.102284931985523,0.11345361972635175
10,LightGBM,H-step,0.3,2,1.8357655266553976,0.9671119393270752,1.0654927674151933,3.6911610578154246,12.68214208130767,2.83,0.95,1.66,5.52,16.12,0.9942344733446025,0.3513196018885521,0.01711193932707522,0.01801256771271076,0.5945072325848066,0.35813688709928115,1.828838942184575,0.3313114025696694,3.4378579186923304,0.21326662026627358
10,LightGBM,H-step,0.3,10,1.7860424203270984,0.9784543181446652,5.008292320851566,2.4035310888372354,33.760983695287685,2.23,0.97,6.51,3.28,35.73,0.4439575796729016,0.19908411644524737,0.00845431814466524,0.008715791901716743,1.501707679148434,0.23067706284922182,0.8764689111627644,0.2672161314520623,1.9690163047123121,0.055108208920019934
10,LSTM,One-step,0.3,2,1.7535127072550103,0.9640962908383928,1.2090411063284636,4.036176686546825,14.118167212983169,1.76,0.96,1.06,4.75,13.08,0.006487292744989714,0.0036859617869259742,0.004096290838392802,0.004266969623325836,0.14904110632846357,0.14060481729100335,0.7138233134531751,0.1502785923059316,1.0381672129831685,0.07937058203235232
10,LSTM,One-step,0.3,10,25.90631068412075,0.8929350912228416,68.01196568236502,10.280729532443823,133.11312457188066,23.14,0.87,63.74,12.02,137.46,2.76631068412075,0.11954670199311798,0.022935091222841653,0.026362173819358223,4.271965682365014,0.06702173960409498,1.7392704675561763,0.1446980422259714,4.346875428119347,0.031622838848533
10,LSTM,H-step,0.3,2,1.3860851950949324,0.9684373133494676,1.0021768845626509,3.5829465827996536,12.829272926304215,2.1,0.96,1.31,5.04,14.36,0.7139148049050676,0.33995943090717506,0.008437313349467623,0.008788868072362108,0.3078231154373492,0.23497947743309097,1.4570534172003464,0.28909790023816395,1.5307270736957843,0.106596592875751
10,LSTM,H-step,0.3,10,1.1025446827026073,0.9750940316153794,5.035842840747272,2.766461392677461,32.507692566568586,1.13,0.96,4.9,4.0,26.46,0.02745531729739259,0.024296740971143888,0.015094031615379477,0.015722949599353622,0.13584284074727204,0.027723028723933067,1.2335386073225392,0.3083846518306348,6.0476925665685854,0.22855980977205537
10,ES,One-step,0.6,2,1.8743920823522977,0.9408949410628124,1.848964629801393,6.741592257651143,20.32157195045377,1.86,0.94,1.91,7.0,20.99,0.014392082352297608,0.007737678684030972,0.0008949410628124044,0.0009520649604387281,0.06103537019860683,0.03195569120345908,0.2584077423488571,0.036915391764122445,0.6684280495462289,0.0318450714409828
10,ES,One-step,0.6,10,23.134939308945828,0.8679384391250567,80.89730761241638,12.090542914322208,165.6083281709454,24.33,0.86,94.46,13.68,181.15,1.1950606910541701,0.04911881179836294,0.007938439125056762,0.009230743168670653,13.56269238758361,0.14358132953190356,1.5894570856777914,0.11618838345597891,15.541671829054593,0.08579448980985147
10,MA,One-step,0.6,2,1.6871143732937612,0.936622492494309,2.253919264084526,7.332790950362718,22.10325450077916,1.69,0.94,2.3,7.53,22.55,0.0028856267062387086,0.0017074714238098868,0.003377507505690991,0.003593093091160629,0.04608073591547379,0.02003510257194513,0.1972090496372818,0.026189780828324277,0.4467454992208424,0.01981133034238769
10,MA,One-step,0.6,10,21.468147174949205,0.867909013563442,80.67729044030874,12.007609969314071,163.3317642322163,22.24,0.86,89.86,13.31,171.13,0.771852825050793,0.03470561263717595,0.00790901356344198,0.00919652739935114,9.182709559691261,0.10218906698966461,1.3023900306859293,0.09785049066009986,7.798235767783694,0.045569074783986994
10,LightGBM,One-step,0.6,2,2.5200791488937364,0.9522209128298238,1.298416991248083,5.332742226450675,17.704633742462697,3.28,0.94,1.66,7.0,19.18,0.7599208511062634,0.2316831863128852,0.012220912829823849,0.013000971095557286,0.36158300875191696,0.21782108960958854,1.6672577735493253,0.2381796819356179,1.4753662575373028,0.07692211978818055
10,LightGBM,One-step,0.6,10,27.270089957290864,0.8781949765615986,80.56457191080699,11.591707686863588,176.38503442542822,34.08,0.87,76.04,13.24,178.35,6.809910042709134,0.1998213040701037,0.008194976561598621,0.009419513289193817,4.5245719108069835,0.05950252381387405,1.6482923131364124,0.12449337712510668,1.964965574571778,0.011017468879011932
10,LightGBM,H-step,0.6,2,1.9604160515556848,0.9614740740117368,1.0135274389838391,4.372586793451812,15.525979627163125,3.19,0.94,1.55,6.76,18.04,1.2295839484443152,0.3854495136189076,0.021474074011736843,0.02284475958695409,0.5364725610161609,0.34611132968784575,2.387413206548188,0.35316763410476154,2.5140203728368746,0.13935811379361834
10,LightGBM,H-step,0.6,10,2.545282491318229,0.9683453015319856,8.06365063690038,3.5736239842518773,52.49116683287223,3.1,0.95,7.99,6.03,54.17,0.554717508681771,0.17894113183282936,0.01834530153198566,0.019310843717879642,0.0736506369003802,0.009217851927456847,2.456376015748123,0.4073592065917285,1.6788331671277703,0.03099193588938103
10,LSTM,One-step,0.6,2,2.160484732912587,0.9511958975319672,1.2290653601836898,5.473072274297187,17.321008909485748,2.17,0.96,1.33,5.01,18.29,0.009515267087413015,0.0043849157084852606,0.00880410246803276,0.009170940070867458,0.10093463981631023,0.07589070662880468,0.4630722742971871,0.09242959566810123,0.9689910905142511,0.052979283242988034
10,LSTM,One-step,0.6,10,26.804475114570465,0.8742783122386104,77.57983412908975,11.853216889989389,170.41672125820574,26.53,0.87,79.23,12.94,187.68,0.27447511457046403,0.010345839222407237,0.0042783122386104155,0.0049176002742648455,1.6501658709102571,0.02082753844390076,1.086783110010611,0.08398632998536407,17.263278741794267,0.09198251674016553
10,LSTM,H-step,0.6,2,1.7465782108906658,0.962094082884421,1.0587323142480938,4.342915831457959,16.76055671508233,2.62,0.95,1.36,6.16,17.76,0.8734217891093343,0.3333670950798986,0.012094082884421042,0.012730613562548466,0.3012676857519063,0.22152035717051935,1.8170841685420411,0.2949811961918898,0.9994432849176711,0.05627495973635535
10,LSTM,H-step,0.6,10,1.717433461593615,0.9656920819490852,8.724559287642569,3.87032305409061,55.08814166338198,1.84,0.94,6.89,6.66,46.21,0.12256653840638498,0.06661224913390489,0.025692081949085233,0.02733200207349493,1.834559287642569,0.2662640475533482,2.78967694590939,0.4188704122987072,8.878141663381982,0.19212598276091714
10,ES,One-step,0.9,2,1.4773241111453712,0.9356415438965536,1.1579241113779244,7.412733604798247,22.57664741928956,1.53,0.94,1.17,7.06,21.94,0.052675888854628816,0.034428685525901184,0.004358456103446318,0.004636655429198211,0.012075888622075537,0.010321272326560289,0.35273360479824767,0.049962266968590324,0.6366474192895595,0.029017658126233338
10,ES,One-step,0.9,10,12.444145042904566,0.8602350116305519,62.70295588135712,13.98523849685627,205.62669124437335,12.15,0.87,54.85,13.15,188.75,0.29414504290456556,0.024209468551816094,0.009764988369448058,0.011224124562583974,7.8529558813571185,0.14317148370751356,0.8352384968562703,0.06351623550237796,16.876691244373347,0.08941293374502436
10,MA,One-step,0.9,2,1.4308168947120692,0.929645328342256,1.467637280142758,8.25457447668419,25.13807014440104,1.49,0.93,1.49,7.83,24.23,0.059183105287930804,0.039720204891228725,0.0003546716577440545,0.00038136737391833816,0.02236271985724203,0.01500853681694096,0.42457447668419057,0.05422407109632064,0.9080701444010408,0.03747710047053408
10,MA,One-step,0.9,10,12.220750826390722,0.8567116488910801,64.88473517049384,14.239388801707635,208.7324752782047,11.8,0.87,53.57,13.38,189.89,0.42075082639072114,0.03565684969412891,0.013288351108919905,0.01527396679186196,11.31473517049384,0.2112140222231443,0.8593888017076345,0.0642293573772522,18.842475278204716,0.09922837052085269
10,LightGBM,One-step,0.9,2,2.0139140221043705,0.9446075252240722,0.8535211446079151,6.2144334949766185,21.25123376591098,2.43,0.93,0.99,7.68,20.78,0.4160859778956296,0.17122879748791342,0.01460752522407216,0.015707016369970062,0.13647885539208493,0.1378574296889747,1.4655665050233813,0.19082897200825277,0.4712337659109771,0.02267727458666877
10,LightGBM,One-step,0.9,10,17.07156193819018,0.8727205782949037,67.16739917600985,13.20637628316218,234.23107238983283,21.64,0.87,65.53,13.61,213.74,4.568438061809822,0.21111081616496402,0.002720578294903686,0.0031271014883950416,1.6373991760098505,0.024987016267508783,0.40362371683781895,0.029656408290802277,20.491072389832823,0.09586915125775626
10,LightGBM,H-step,0.9,2,1.8412445868089609,0.9527569482812084,0.7484574466643064,5.4319769324402,19.88561944961047,2.53,0.93,0.96,8.04,20.04,0.688755413191039,0.27223534118222886,0.022756948281208333,0.024469836861514337,0.2115425533356936,0.22035682639134752,2.608023067559799,0.3243809785522138,0.15438055038952925,0.007703620278918626
10,LightGBM,H-step,0.9,10,6.631524749149139,0.936810961847776,17.497531580728143,7.386673437869136,115.16157019918872,9.91,0.88,24.25,13.79,119.39,3.2784752508508612,0.33082494963177206,0.05681096184777601,0.06455791119065456,6.752468419271857,0.27845230594935494,6.4033265621308635,0.4643456535265311,4.228429800811284,0.035416951175234815
10,LSTM,One-step,0.9,2,2.021879281411884,0.9379066677191924,0.8715602397029113,6.973255844814614,21.27915364141149,1.93,0.93,0.76,7.39,17.31,0.09187928141188428,0.04760584529113175,0.00790666771919235,0.008501793246443387,0.11156023970291129,0.146789789082778,0.4167441551853859,0.05639298446351636,3.9691536414114914,0.22929830395213702
10,LSTM,One-step,0.9,10,17.94172069658311,0.8683431926494951,66.22299986659965,13.516386410080983,226.87429380342417,17.66,0.86,56.44,14.84,201.3,0.28172069658311116,0.015952474325204483,0.008343192649495124,0.009701386801738515,9.782999866599653,0.17333451216512497,1.3236135899190167,0.08919229042580976,25.574293803424155,0.12704567214815773
10,LSTM,H-step,0.9,2,1.728510013744281,0.9333314195426522,0.6472256228199998,7.545590296581259,16.948159017582935,2.34,0.94,0.97,7.04,21.55,0.6114899862557188,0.2613205069468884,0.00666858045734775,0.007094234529093352,0.3227743771800001,0.3327570898762888,0.5055902965812589,0.07181680349165609,4.601840982417066,0.21354250498455063
10,LSTM,H-step,0.9,10,5.92863775591274,0.9156749067105572,19.382389357318356,9.763637089374903,119.77250180802729,6.61,0.92,22.35,9.7,105.98,0.6813622440872606,0.10308052104194564,0.004325093289442861,0.004701188358090066,2.9676106426816453,0.13277899967255682,0.06363708937490387,0.006560524677825141,13.792501808027282,0.13014249677323345
25,ES,One-step,0.0,2,1.9144962988936127,0.9269678903262986,1.877713136446352,8.529781579573806,25.68646399488689,1.93,0.93,1.95,8.42,25.89,0.015503701106387213,0.008033005754604774,0.0030321096737014885,0.0032603329824747187,0.072286863553648,0.0370701864377682,0.10978157957380574,0.013038192348432986,0.20353600511311143,0.007861568370533466
25,ES,One-step,0.0,10,23.18806930485204,0.8431491845251642,60.97249071301252,12.40005310278193,182.8936100703692,22.48,0.84,58.27,12.39,182.21,0.7080693048520388,0.031497744877759734,0.003149184525164217,0.003749029196624068,2.7024907130125158,0.04637876631221067,0.010053102781929724,0.0008113884408337145,0.6836100703691841,0.003751770321986631
25,MA,One-step,0.0,2,1.806213006221096,0.9193156230441626,2.3962595045074835,9.558503527381877,28.778183556322595,1.82,0.92,2.46,9.65,29.58,0.013786993778904133,0.007575271307090183,0.0006843769558374513,0.0007438879954754905,0.06374049549251648,0.025910770525413202,0.09149647261812355,0.009481499753173424,0.8018164436774029,0.027106708711203617
25,MA,One-step,0.0,10,22.06224387102688,0.8436165375349329,57.87914240187389,12.525387148141157,181.41624577079747,21.6,0.84,55.38,12.66,181.79,0.46224387102687814,0.02140017921420732,0.003616537534932962,0.0043054018273011455,2.4991424018738897,0.045127165075368174,0.13461285185884364,0.010632926687112451,0.3737542292025182,0.002055966935488851
25,LightGBM,One-step,0.0,2,2.283748168163997,0.9485012425880904,0.9213874287032692,5.620445412293239,17.961819166232722,3.01,0.94,1.44,6.83,20.84,0.7262518318360027,0.2412796783508315,0.008501242588090485,0.009043875093713282,0.5186125712967308,0.36014761895606306,1.2095545877067613,0.17709437594535304,2.878180833767278,0.13810848530553158
25,LightGBM,One-step,0.0,10,24.75434861680955,0.8375341568047682,73.59884582789077,13.638366372525471,209.688345329044,28.01,0.86,55.49,11.41,179.97,3.2556513831904503,0.11623175234524992,0.022465843195231816,0.026123073482827695,18.108845827890768,0.3263443111892371,2.228366372525471,0.1952994191521009,29.718345329044013,0.16512944006803362
25,LightGBM,H-step,0.0,2,1.6076205337230625,0.9620358148477892,0.5631661634206652,4.17927267797935,13.84289348186954,2.9,0.94,1.31,6.3,19.11,1.2923794662769374,0.4456480918196336,0.02203581484778927,0.023442356221052417,0.7468338365793349,0.5701021653277365,2.1207273220206497,0.33662338444772216,5.2671065181304595,0.2756204352763192
25,LightGBM,H-step,0.0,10,0.9207629889814568,0.977911609504228,2.144856469431128,2.663349281053728,34.75524041591128,0.92,0.98,2.51,2.86,37.43,0.0007629889814567692,0.0008293358494095317,0.00208839049577203,0.0021310107099714592,0.3651435305688717,0.1454755101868015,0.19665071894627184,0.06875899263855659,2.6747595840887186,0.07146031483004858
25,LSTM,One-step,0.0,2,1.6708305413472082,0.9531640595872616,0.7988741247115028,5.190738547914645,16.748198596798783,1.96,0.97,1.2,3.09,24.3,0.28916945865279176,0.14753543808815905,0.016835940412738393,0.01735663960076123,0.4011258752884972,0.33427156274041436,2.100738547914645,0.6798506627555486,7.5518014032012175,0.31077372029634637
25,LSTM,One-step,0.0,10,22.437513072819208,0.8300891822418648,75.68149664230657,14.337017987303636,208.25569562750692,23.31,0.86,86.08,11.28,242.06,0.8724869271807911,0.037429726605782546,0.0299108177581352,0.034780020648994416,10.398503357693428,0.12080045722227496,3.0570179873036363,0.27101223291698906,33.80430437249308,0.13965258354330776
25,LSTM,H-step,0.0,2,1.4768361113091,0.9624566192645122,0.5698510448467405,4.173605261898354,13.660120690033777,2.74,0.95,1.19,5.68,19.67,1.2631638886909002,0.46100871850032854,0.012456619264512248,0.013112230804749735,0.6201489551532594,0.5211335757590415,1.5063947381016458,0.2652103412150785,6.009879309966225,0.3055352979138904
25,LSTM,H-step,0.0,10,0.770189307051746,0.975966294645943,2.419552679602721,2.9287453597302124,35.09227578284485,0.54,0.97,2.26,2.96,35.72,0.230189307051746,0.42627649454027033,0.005966294645943004,0.006150819222621654,0.15955267960272135,0.07059853079766432,0.031254640269787526,0.010559000091144435,0.6277242171551478,0.01757346632573202
25,ES,One-step,0.3,2,1.897187287656297,0.909212207035434,1.9802181092593456,10.912921310707205,32.87173571169505,1.85,0.9,1.95,9.96,33.48,0.04718728765629687,0.025506641976376688,0.009212207035434017,0.010235785594926685,0.03021810925934565,0.015496466286843922,0.9529213107072039,0.09567483039228954,0.6082642883049445,0.018167989495368714
25,ES,One-step,0.3,10,18.73136915182278,0.8412787306832792,55.30701930632991,11.847830427478137,217.11781299466864,18.82,0.84,57.24,11.89,218.6,0.08863084817722111,0.004709396821318869,0.0012787306832792167,0.001522298432475258,1.932980693670089,0.033769753558177656,0.04216957252186404,0.003546641927827085,1.4821870053313546,0.006780361415056517
25,MA,One-step,0.3,2,1.803826149319888,0.899522554463664,2.573589943985555,12.336469455722655,37.1286256829981,1.79,0.9,2.53,12.4,37.8,0.013826149319887904,0.007724105765300505,0.0004774455363359964,0.0005304950403733293,0.04358994398555538,0.01722922687176102,0.06353054427734506,0.005123430990108473,0.6713743170018986,0.017761225317510548
25,MA,One-step,0.3,10,18.46462238986071,0.8512527714607105,50.4411629238408,11.358165979283315,211.82921002386868,18.2,0.85,54.47,11.36,216.77,0.26462238986071185,0.014539691750588564,0.0012527714607105667,0.001473848777306549,4.028837076159199,0.07396433038662015,0.0018340207166840372,0.00016144548562359483,4.940789976131327,0.022792775642991776
25,LightGBM,One-step,0.3,2,2.136477773969763,0.9370310594029856,0.8963358771797805,6.913509765292296,22.101376085098707,2.47,0.93,1.09,8.02,23.6,0.33352222603023707,0.1350292413077883,0.00703105940298554,0.007560278927941441,0.1936641228202196,0.17767350717451338,1.106490234707704,0.13796636342988827,1.4986239149012945,0.0635010133432752
25,LightGBM,One-step,0.3,10,19.82992588565063,0.8380208134563873,65.79664543197708,12.574824896455818,243.3386407070031,20.37,0.85,59.17,11.58,233.11,0.5400741143493697,0.02651321130826557,0.01197918654361263,0.01409316063954427,6.626645431977082,0.11199333162036643,0.9948248964558175,0.08590888570430202,10.22864070700308,0.043879030101681954
25,LightGBM,H-step,0.3,2,1.663486162396459,0.9542557189487464,0.5505675385157492,5.016200387293014,16.697665854844637,2.24,0.94,0.88,6.91,20.61,0.5765138376035412,0.2573722489301523,0.014255718948746443,0.015165658456113238,0.32943246148425076,0.3743550698684668,1.893799612706986,0.2740665141399401,3.912334145155363,0.1898269842384941
25,LightGBM,H-step,0.3,10,0.7387563873830342,0.973126472581021,2.446313862400084,3.3881945127808946,45.627662654495566,0.79,0.96,3.05,4.59,47.22,0.05124361261696586,0.06486533242653907,0.013126472581021065,0.01367340893856361,0.6036861375999156,0.19792988118030022,1.2018054872191053,0.2618312608320491,1.5923373455044327,0.03372167186582873
25,LSTM,One-step,0.3,2,1.7936240923135205,0.9426484593576956,0.8587020928611928,6.347483693804215,21.521817656377507,1.79,0.94,0.82,6.34,21.94,0.003624092313520455,0.002024632577385729,0.0026484593576956428,0.0028175099549953646,0.03870209286119286,0.047197674220966906,0.007483693804215541,0.0011803933445134922,0.41818234362249385,0.0190602709034865
25,LSTM,One-step,0.3,10,18.86647334195665,0.8343207365850795,68.34725797499355,12.741263762151332,244.95907315329387,18.19,0.83,68.36,13.17,252.52,0.6764733419566475,0.037189298623235154,0.004320736585079588,0.005205706729011552,0.012742025006446056,0.00018639591876018223,0.42873623784866766,0.03255400439245768,7.560926846706138,0.029941893104332876
25,LSTM,H-step,0.3,2,1.5131881130079017,0.9546169006659372,0.5500242886026718,5.067396876528663,16.697951937085325,2.1,0.95,0.84,6.11,21.24,0.5868118869920984,0.27943423190099925,0.004616900665937229,0.004859895437828663,0.28997571139732814,0.3452091802349145,1.0426031234713369,0.17063880907877854,4.542048062914674,0.21384407075869463
25,LSTM,H-step,0.3,10,0.541103908561804,0.9710271929206852,2.618419176226137,3.712885524050177,44.28721745798427,0.49,0.95,2.74,5.96,40.52,0.05110390856180402,0.10429369094245719,0.021027192920685223,0.022133887284931816,0.12158082377386314,0.044372563421117936,2.247114475949823,0.3770326301929233,3.767217457984266,0.09297180301047053
25,ES,One-step,0.6,2,1.8467936603131785,0.8870894900385208,2.017415075453075,14.086911966268667,42.70109521557576,1.86,0.89,2.09,14.15,42.95,0.013206339686821611,0.007100182627323447,0.002910509961479235,0.0032702359117744214,0.07258492454692478,0.03472962896982047,0.06308803373133287,0.004458518284899849,0.2489047844242407,0.005795221988922949
25,ES,One-step,0.6,10,14.180236522042726,0.8559127674171005,44.875338238245135,9.890088315031708,263.297880341277,14.58,0.85,48.73,10.96,277.26,0.39976347795727385,0.02741861988733017,0.005912767417100562,0.006956196961294779,3.854661761754862,0.07910243713841293,1.069911684968293,0.09761967928542818,13.962119658722997,0.05035749714608309
25,MA,One-step,0.6,2,1.8142236968117795,0.8737554164879607,2.6503607303563745,16.256883258051012,49.12910149910633,1.81,0.88,2.7,16.22,49.15,0.004223696811779476,0.0023335341501544067,0.00624458351203927,0.0070961176273173525,0.04963926964362564,0.01838491468282431,0.036883258051013,0.0022739369945137485,0.020898500893665073,0.00042519839051200555
25,MA,One-step,0.6,10,14.336402046258817,0.8737690194407112,41.02355957965387,9.06824135608241,259.3590254975902,14.64,0.86,46.19,10.6,277.36,0.3035979537411837,0.020737565146255715,0.013769019440711183,0.01601048772175719,5.166440420346127,0.11185192509950483,1.5317586439175894,0.14450553244505562,18.000974502409804,0.06490111949239184
25,LightGBM,One-step,0.6,2,2.0394131915107563,0.9198309686569482,0.8268401436539802,8.723011002638899,28.23471546829634,2.34,0.91,1.07,9.8,30.0,0.3005868084892436,0.12845590106377933,0.009830968656948214,0.010803262260382652,0.2431598563460199,0.22725220219254194,1.0769889973611022,0.10989683646541859,1.76528453170366,0.058842817723455336
25,LightGBM,One-step,0.6,10,15.224263899465406,0.858033745985008,55.82880219721728,10.252907509830914,300.724443013576,16.09,0.87,50.64,10.15,295.32,0.865736100534594,0.05380584838623953,0.011966254014991962,0.013754314959760875,5.188802197217278,0.1024644983652701,0.10290750983091357,0.01013867091930183,5.404443013575985,0.01830029464166323
25,LightGBM,H-step,0.6,2,1.6579680818507498,0.9420385133823974,0.4938251664277743,6.287415295604887,21.17729606033776,2.17,0.92,0.8,8.44,24.97,0.5120319181492501,0.2359594092853687,0.022038513382397373,0.023954905850431925,0.30617483357222575,0.38271854196528216,2.152584704395112,0.2550455810894683,3.792703939662239,0.15189042609780692
25,LightGBM,H-step,0.6,10,0.8063053968118948,0.9631519844132632,3.266193466908977,4.839818116345179,66.44601468882233,0.86,0.94,3.94,7.06,62.63,0.05369460318810515,0.06243558510244785,0.02315198441326327,0.024629770652407738,0.6738065330910228,0.17101688657132558,2.2201818836548206,0.3144733546253287,3.816014688822328,0.06092950165770921
25,LSTM,One-step,0.6,2,1.952970848782141,0.9227211286300084,0.8570806382063658,8.421735621081762,28.150939566810774,1.79,0.91,0.63,9.29,21.47,0.16297084878214085,0.09104516691739713,0.012721128630008405,0.013979262230778467,0.22708063820636581,0.36044545747042195,0.8682643789182372,0.09346225822585977,6.680939566810775,0.31117557367539705
25,LSTM,One-step,0.6,10,15.410997381399596,0.8638136716333242,56.07941429485173,9.605285055888944,301.3874250322198,13.23,0.84,50.37,12.84,275.09,2.180997381399596,0.16485240978077068,0.023813671633324263,0.02834960908729079,5.709414294851733,0.1133494995999947,3.2347149441110563,0.25192483988403863,26.29742503221985,0.09559571424704588
25,LSTM,H-step,0.6,2,1.5930935741010532,0.9482253655030072,0.5695784073138895,5.744476642905821,22.946270249296504,2.13,0.94,0.76,7.34,25.65,0.5369064258989467,0.2520687445534961,0.008225365503007231,0.008750388832986417,0.19042159268611047,0.2505547272185664,1.5955233570941791,0.21737375437250397,2.703729750703495,0.1054085672788887
25,LSTM,H-step,0.6,10,0.5836477667336709,0.9614221292257308,2.961057746756192,5.206884490824315,60.026490817634766,0.48,0.94,3.5,8.22,62.24,0.10364776673367093,0.21593284736181445,0.021422129225730835,0.0227894991763094,0.5389422532438082,0.15398350092680232,3.0131155091756856,0.36655906437660407,2.213509182365236,0.03556409354699929
25,ES,One-step,0.9,2,1.6833272223508358,0.8782634670225865,1.7598959425767529,15.739605702566756,49.62121631388879,1.7,0.88,1.83,15.17,48.71,0.016672777649164194,0.009807516264214233,0.0017365329774134963,0.0019733329288789733,0.07010405742324721,0.03830822810013509,0.569605702566756,0.037548167604927886,0.9112163138887865,0.018706966000590977
25,ES,One-step,0.9,10,10.687486003162933,0.8573648069577953,43.05197722275552,10.824720323552745,325.76328574118816,11.17,0.87,42.7,10.92,308.38,0.4825139968370671,0.04319731395139365,0.012635193042204729,0.01452321039333877,0.35197722275551513,0.008243026294040166,0.09527967644725521,0.008725245095902492,17.38328574118816,0.05636969239635567
25,MA,One-step,0.9,2,1.6725554652927284,0.8640632205755342,2.321423630516793,18.19156359145213,57.37395575699491,1.67,0.87,2.38,17.33,55.4,0.0025554652927284316,0.0015302187381607375,0.005936779424465799,0.0068238843959377,0.0585763694832071,0.024611919950927354,0.861563591452132,0.049715152420780846,1.9739557569949113,0.03563097034286843
25,MA,One-step,0.9,10,11.020725421339762,0.8697021031871952,43.08750496042924,10.259963381505624,328.32299457183456,11.5,0.89,38.24,10.22,304.36,0.47927457866023815,0.04167605031828158,0.020297896812804805,0.02280662563236495,4.847504960429241,0.12676529708235462,0.03996338150562373,0.00391031130192013,23.962994571834543,0.07873240429699875
25,LightGBM,One-step,0.9,2,1.884430212688124,0.9113252226109808,0.7715371129824365,9.885355837703496,33.725873519420944,2.19,0.9,0.89,11.36,34.34,0.3055697873118759,0.13952958324743192,0.01132522261098079,0.012583580678867544,0.11846288701756347,0.13310436743546455,1.474644162296503,0.12981022555426963,0.6141264805790598,0.01788370648162667
25,LightGBM,One-step,0.9,10,11.741147536163009,0.8756869713254247,53.03203590859015,10.25249876810645,378.9991476519351,13.62,0.88,53.65,9.86,364.93,1.8788524638369903,0.1379480516767247,0.004313028674575281,0.004901168948381001,0.6179640914098457,0.011518436000183516,0.3924987681064511,0.03980717729274352,14.069147651935111,0.03855300373204481
25,LightGBM,H-step,0.9,2,1.690459271927386,0.9299877196374556,0.5430696544757149,7.803782036117542,27.87779047828352,2.14,0.91,0.7,10.55,29.23,0.449540728072614,0.21006576078159533,0.019987719637455603,0.021964527074127035,0.1569303455242851,0.22418620789183585,2.746217963882459,0.26030502027321883,1.3522095217164818,0.04626101682232233
25,LightGBM,H-step,0.9,10,2.683316062822052,0.9351640567735664,7.408015005061517,8.152289386100081,124.89646028925392,3.39,0.9,9.14,12.62,118.5,0.7066839371779481,0.20846133840057465,0.03516405677356638,0.03907117419285153,1.7319849949384833,0.1894950760326568,4.467710613899918,0.3540182736846211,6.396460289253923,0.05397856784180526
25,LSTM,One-step,0.9,2,1.844640490324892,0.9162493918643604,0.8438271146829219,9.614808691820928,35.42218213838931,1.84,0.91,0.69,9.98,28.41,0.004640490324891999,0.0025220056113543473,0.006249391864360354,0.0068674635872091805,0.15382711468292198,0.22293784736655362,0.36519130817907275,0.03659231544880488,7.01218213838931,0.24682091300208764
25,LSTM,One-step,0.9,10,12.81601985612061,0.8774576027525928,51.409201476102886,9.981467123249471,371.57782670824537,12.65,0.86,56.2,12.35,362.27,0.16601985612060943,0.013124099298071892,0.017457602752592782,0.020299538084410214,4.7907985238971165,0.08524552533624762,2.3685328767505283,0.19178403860328164,9.307826708245386,0.02569306513993813
25,LSTM,H-step,0.9,2,1.688264382620981,0.9250585104169956,0.563954177679911,8.383029288199753,28.01374845354175,2.07,0.91,0.64,10.81,28.41,0.38173561737901873,0.18441334172899457,0.015058510416995574,0.01654781364505008,0.07604582232008905,0.11882159737513914,2.426970711800248,0.22451162921371395,0.3962515464582488,0.013947608111870777
25,LSTM,H-step,0.9,10,2.6256048872164266,0.9229748972385968,7.613811861489453,9.907397792420555,123.23258678343134,2.4,0.92,9.33,10.48,120.0,0.22560488721642669,0.09400203634017779,0.0029748972385967853,0.003233583954996506,1.7161881385105469,0.1839429944813019,0.572602207579445,0.05463761522704628,3.232586783431344,0.0269382231952612
