A,Method,Horizon,phi,AR (LT2 / LT10),OFR (LT2 / LT10),VI (LT2 / LT10),Backorders (LT2 / LT10),End inventory (LT2 / LT10)
0,ES,One-step,0.0,2.06 / 31.71,0.97 / 0.94,1.67 / 39.20,3.67 / 6.08,11.03 / 69.23
0,ES,One-step,0.3,2.12 / 30.19,0.96 / 0.93,1.80 / 56.27,3.99 / 7.26,12.01 / 82.74
0,ES,One-step,0.6,1.85 / 23.82,0.96 / 0.91,1.53 / 69.50,4.36 / 9.17,13.17 / 105.23
0,ES,One-step,0.9,1.30 / 9.09,0.96 / 0.89,0.67 / 41.41,4.79 / 11.99,14.72 / 141.03
0,LightGBM,H-step,0.0,1.71 / 2.82,0.97 / 0.99,1.18 / 4.45,2.76 / 1.62,9.67 / 23.78
0,LightGBM,H-step,0.3,1.65 / 3.09,0.97 / 0.98,1.27 / 8.29,3.02 / 2.13,10.17 / 30.46
0,LightGBM,H-step,0.6,1.92 / 4.99,0.97 / 0.97,1.28 / 15.82,3.51 / 3.37,12.12 / 49.12
0,LightGBM,H-step,0.9,1.60 / 8.53,0.96 / 0.94,0.64 / 24.78,4.33 / 7.38,15.17 / 111.47
0,LightGBM,One-step,0.0,3.61 / 32.94,0.97 / 0.96,1.74 / 20.82,3.48 / 4.14,11.80 / 54.12
0,LightGBM,One-step,0.3,2.78 / 29.16,0.97 / 0.95,1.65 / 32.83,3.70 / 5.49,12.10 / 67.25
0,LightGBM,One-step,0.6,2.65 / 30.70,0.96 / 0.92,1.56 / 56.70,4.11 / 8.09,13.62 / 100.78
0,LightGBM,One-step,0.9,1.73 / 14.53,0.96 / 0.90,0.69 / 43.61,4.73 / 11.58,15.79 / 152.00
0,LSTM,H-step,0.0,1.30 / 1.79,0.97 / 0.98,1.07 / 4.84,2.85 / 1.92,9.05 / 23.68
0,LSTM,H-step,0.3,1.16 / 1.84,0.97 / 0.98,1.15 / 7.99,3.13 / 2.36,9.82 / 30.96
0,LSTM,H-step,0.6,1.54 / 3.59,0.97 / 0.97,1.37 / 16.89,3.26 / 3.43,13.41 / 55.98
0,LSTM,H-step,0.9,1.38 / 6.91,0.96 / 0.93,0.64 / 25.79,4.27 / 8.79,15.48 / 115.22
0,LSTM,One-step,0.0,1.26 / 1.33,0.97 / 0.98,1.03 / 4.84,2.96 / 2.14,8.77 / 23.01
0,LSTM,One-step,0.3,1.36 / 9.02,0.97 / 0.96,1.28 / 16.72,3.19 / 3.88,10.33 / 46.69
0,LSTM,One-step,0.6,2.15 / 26.89,0.96 / 0.93,1.47 / 48.63,4.12 / 7.83,12.95 / 93.10
0,LSTM,One-step,0.9,1.66 / 15.11,0.96 / 0.90,0.70 / 45.19,4.68 / 11.72,16.26 / 156.75
0,MA,One-step,0.0,1.50 / 14.21,0.97 / 0.95,1.36 / 31.46,3.37 / 5.21,10.13 / 58.13
0,MA,One-step,0.3,1.52 / 16.30,0.97 / 0.94,1.54 / 48.11,3.76 / 6.45,11.32 / 72.28
0,MA,One-step,0.6,1.46 / 16.00,0.96 / 0.92,1.51 / 64.91,4.30 / 8.49,13.01 / 96.18
0,MA,One-step,0.9,1.21 / 7.21,0.96 / 0.90,0.78 / 43.44,4.98 / 11.72,15.34 / 136.55
10,ES,One-step,0.0,2.00 / 32.41,0.96 / 0.90,1.71 / 65.77,4.75 / 9.44,14.30 / 111.81
10,ES,One-step,0.3,2.00 / 29.18,0.95 / 0.88,1.86 / 77.25,5.58 / 10.73,16.80 / 133.54
10,ES,One-step,0.6,1.87 / 23.13,0.94 / 0.87,1.85 / 80.90,6.74 / 12.09,20.32 / 165.61
10,ES,One-step,0.9,1.48 / 12.44,0.94 / 0.86,1.16 / 62.70,7.41 / 13.99,22.58 / 205.63
10,LightGBM,H-step,0.0,1.66 / 1.96,0.97 / 0.98,1.02 / 3.72,3.26 / 1.90,11.07 / 26.54
10,LightGBM,H-step,0.3,1.84 / 1.79,0.97 / 0.98,1.07 / 5.01,3.69 / 2.40,12.68 / 33.76
10,LightGBM,H-step,0.6,1.96 / 2.55,0.96 / 0.97,1.01 / 8.06,4.37 / 3.57,15.53 / 52.49
10,LightGBM,H-step,0.9,1.84 / 6.63,0.95 / 0.94,0.75 / 17.50,5.43 / 7.39,19.89 / 115.16
10,LightGBM,One-step,0.0,3.02 / 33.60,0.96 / 0.91,1.48 / 52.86,4.11 / 8.42,13.63 / 106.10
10,LightGBM,One-step,0.3,2.68 / 31.12,0.96 / 0.89,1.43 / 69.70,4.51 / 10.42,15.12 / 138.40
10,LightGBM,One-step,0.6,2.52 / 27.27,0.95 / 0.88,1.30 / 80.56,5.33 / 11.59,17.70 / 176.39
10,LightGBM,One-step,0.9,2.01 / 17.07,0.94 / 0.87,0.85 / 67.17,6.21 / 13.21,21.25 / 234.23
10,LSTM,H-step,0.0,1.28 / 1.48,0.97 / 0.98,0.94 / 3.62,3.13 / 2.07,10.82 / 25.71
10,LSTM,H-step,0.3,1.39 / 1.10,0.97 / 0.98,1.00 / 5.04,3.58 / 2.77,12.83 / 32.51
10,LSTM,H-step,0.6,1.75 / 1.72,0.96 / 0.97,1.06 / 8.72,4.34 / 3.87,16.76 / 55.09
10,LSTM,H-step,0.9,1.73 / 5.93,0.93 / 0.92,0.65 / 19.38,7.55 / 9.76,16.95 / 119.77
10,LSTM,One-step,0.0,1.27 / 15.00,0.97 / 0.92,0.95 / 40.48,3.42 / 7.61,10.69 / 86.54
10,LSTM,One-step,0.3,1.75 / 25.91,0.96 / 0.89,1.21 / 68.01,4.04 / 10.28,14.12 / 133.11
10,LSTM,One-step,0.6,2.16 / 26.80,0.95 / 0.87,1.23 / 77.58,5.47 / 11.85,17.32 / 170.42
10,LSTM,One-step,0.9,2.02 / 17.94,0.94 / 0.87,0.87 / 66.22,6.97 / 13.52,21.28 / 226.87
10,MA,One-step,0.0,1.65 / 22.81,0.96 / 0.91,1.78 / 60.59,4.81 / 8.85,14.47 / 102.50
10,MA,One-step,0.3,1.69 / 24.28,0.95 / 0.89,2.11 / 75.02,5.85 / 10.47,17.61 / 128.04
10,MA,One-step,0.6,1.69 / 21.47,0.94 / 0.87,2.25 / 80.68,7.33 / 12.01,22.10 / 163.33
10,MA,One-step,0.9,1.43 / 12.22,0.93 / 0.86,1.47 / 64.88,8.25 / 14.24,25.14 / 208.73
25,ES,One-step,0.0,1.91 / 23.19,0.93 / 0.84,1.88 / 60.97,8.53 / 12.40,25.69 / 182.89
25,ES,One-step,0.3,1.90 / 18.73,0.91 / 0.84,1.98 / 55.31,10.91 / 11.85,32.87 / 217.12
25,ES,One-step,0.6,1.85 / 14.18,0.89 / 0.86,2.02 / 44.88,14.09 / 9.89,42.70 / 263.30
25,ES,One-step,0.9,1.68 / 10.69,0.88 / 0.86,1.76 / 43.05,15.74 / 10.82,49.62 / 325.76
25,LightGBM,H-step,0.0,1.61 / 0.92,0.96 / 0.98,0.56 / 2.14,4.18 / 2.66,13.84 / 34.76
25,LightGBM,H-step,0.3,1.66 / 0.74,0.95 / 0.97,0.55 / 2.45,5.02 / 3.39,16.70 / 45.63
25,LightGBM,H-step,0.6,1.66 / 0.81,0.94 / 0.96,0.49 / 3.27,6.29 / 4.84,21.18 / 66.45
25,LightGBM,H-step,0.9,1.69 / 2.68,0.93 / 0.94,0.54 / 7.41,7.80 / 8.15,27.88 / 124.90
25,LightGBM,One-step,0.0,2.28 / 24.75,0.95 / 0.84,0.92 / 73.60,5.62 / 13.64,17.96 / 209.69
25,LightGBM,One-step,0.3,2.14 / 19.83,0.94 / 0.84,0.90 / 65.80,6.91 / 12.57,22.10 / 243.34
25,LightGBM,One-step,0.6,2.04 / 15.22,0.92 / 0.86,0.83 / 55.83,8.72 / 10.25,28.23 / 300.72
25,LightGBM,One-step,0.9,1.88 / 11.74,0.91 / 0.88,0.77 / 53.03,9.89 / 10.25,33.73 / 379.00
25,LSTM,H-step,0.0,1.48 / 0.77,0.96 / 0.98,0.57 / 2.42,4.17 / 2.93,13.66 / 35.09
25,LSTM,H-step,0.3,1.51 / 0.54,0.95 / 0.97,0.55 / 2.62,5.07 / 3.71,16.70 / 44.29
25,LSTM,H-step,0.6,1.59 / 0.58,0.95 / 0.96,0.57 / 2.96,5.74 / 5.21,22.95 / 60.03
25,LSTM,H-step,0.9,1.69 / 2.63,0.93 / 0.92,0.56 / 7.61,8.38 / 9.91,28.01 / 123.23
25,LSTM,One-step,0.0,1.67 / 22.44,0.95 / 0.83,0.80 / 75.68,5.19 / 14.34,16.75 / 208.26
25,LSTM,One-step,0.3,1.79 / 18.87,0.94 / 0.83,0.86 / 68.35,6.35 / 12.74,21.52 / 244.96
25,LSTM,One-step,0.6,1.95 / 15.41,0.92 / 0.86,0.86 / 56.08,8.42 / 9.61,28.15 / 301.39
25,LSTM,One-step,0.9,1.84 / 12.82,0.92 / 0.88,0.84 / 51.41,9.61 / 9.98,35.42 / 371.58
25,MA,One-step,0.0,1.81 / 22.06,0.92 / 0.84,2.40 / 57.88,9.56 / 12.53,28.78 / 181.42
25,MA,One-step,0.3,1.80 / 18.46,0.90 / 0.85,2.57 / 50.44,12.34 / 11.36,37.13 / 211.83
25,MA,One-step,0.6,1.81 / 14.34,0.87 / 0.87,2.65 / 41.02,16.26 / 9.07,49.13 / 259.36
25,MA,One-step,0.9,1.67 / 11.02,0.86 / 0.87,2.32 / 43.09,18.19 / 10.26,57.37 / 328.32
